LastSeen,IP,UID,Name,SW,Vdd,CpuTemp,AccTemp,WakeUp,AccDataX,AccDataY,AccDataZ
15/08/2016 06:16:52,62.149.145.19,00310015-4D335719-20303038,sala_big,0.7,3049,24,255,TIME,0.00,-1.39.00,0.00
15/08/2016 06:08:45,62.149.145.19,00228019-4D335719-20303038,camera_manu,0.7,3057,23,255,TIME,0.00,-1.00.00,0.00
15/08/2016 05:34:25,62.149.145.19,0008800D-4D335719-20303038,bagno,0.7,3064,25,255,TIME,0.00,-1.39.00,0.00
15/08/2016 05:24:30,62.149.145.19,0010800B-4D335719-20303038,sala_small,0.8,2930,23,16,TIME,0.00,-1.38.00,0.00
15/08/2016 05:02:43,62.149.145.20,0041001D-4D335719-20303038,cucina,0.8,2948,27,19,TIME,0.00,-1.00.00,0.00
15/08/2016 04:58:52,62.149.145.20,0007800C-4D335719-20303038,studiolo,0.8,2883,24,16,TIME,0.00,-1.03.00,0.00
15/08/2016 02:40:07,62.149.145.22,00080003-4D335719-20303038,camera_max,0.7,3061,26,255,TIME,0.00,-1.05.00,0.00
15/08/2016 01:58:20,62.149.145.19,00440005-4D335719-20303038,corridoio,0.7,3059,26,255,TIME,0.00,-1.02.00,0.00
15/08/2016 01:15:12,62.149.145.22,00310015-4D335719-20303038,sala_big,0.7,3051,27,255,TIME,0.00,-1.38.00,0.00
15/08/2016 01:09:16,62.149.145.22,00228019-4D335719-20303038,camera_manu,0.7,3060,26,255,TIME,0.00,-1.02.00,0.00
15/08/2016 00:38:32,62.149.145.20,0008800D-4D335719-20303038,bagno,0.7,3064,29,255,TIME,0.00,-1.39.00,0.00
15/08/2016 00:26:25,62.149.145.20,0010800B-4D335719-20303038,sala_small,0.8,2944,27,19,TIME,0.00,-1.38.00,0.00
15/08/2016 00:04:02,62.149.145.19,0007800C-4D335719-20303038,studiolo,0.8,2903,27,19,TIME,0.00,-1.01.00,0.00
15/08/2016 00:02:16,62.149.145.19,0041001D-4D335719-20303038,cucina,0.8,2965,30,23,TIME,0.00,-1.38.00,0.00
14/08/2016 21:37:35,62.149.145.22,00080003-4D335719-20303038,camera_max,0.7,3061,29,255,TIME,0.00,-1.04.00,0.00
14/08/2016 20:58:34,62.149.145.20,00440005-4D335719-20303038,corridoio,0.7,3061,30,255,TIME,0.00,-1.02.00,0.00
14/08/2016 20:13:43,62.149.145.24,00310015-4D335719-20303038,sala_big,0.7,3049,30,255,TIME,0.00,-1.38.00,0.00
14/08/2016 20:09:52,62.149.145.24,00228019-4D335719-20303038,camera_manu,0.7,3062,30,255,TIME,0.00,-1.02.00,0.00
14/08/2016 19:43:03,62.149.145.23,0008800D-4D335719-20303038,bagno,0.7,2888,36,33,TIME,0.00,-1.38.00,0.00
14/08/2016 19:28:23,62.149.145.23,0010800B-4D335719-20303038,sala_small,0.8,2963,31,24,TIME,0.00,-1.38.00,0.00
14/08/2016 19:09:26,62.149.145.23,0007800C-4D335719-20303038,studiolo,0.8,2920,32,24,TIME,0.00,-1.01.00,0.00
14/08/2016 19:02:02,62.149.145.23,0041001D-4D335719-20303038,cucina,0.8,2986,36,29,TIME,0.00,-1.38.00,0.00
14/08/2016 16:35:25,62.149.145.20,00080003-4D335719-20303038,camera_max,0.7,3059,33,27,TIME,0.00,-1.04.00,0.00
14/08/2016 15:59:17,62.149.145.21,00440005-4D335719-20303038,corridoio,0.7,3051,30,255,TIME,0.00,-1.03.00,0.00
14/08/2016 15:12:34,62.149.145.20,00310015-4D335719-20303038,sala_big,0.7,3040,33,26,TIME,0.00,-1.38.00,0.00
14/08/2016 15:10:51,62.149.145.20,00228019-4D335719-20303038,camera_manu,0.7,3064,33,27,TIME,0.00,-1.01.00,0.00
14/08/2016 14:49:07,62.149.145.24,0008800D-4D335719-20303038,bagno,0.7,3044,32,255,TIME,0.00,-1.39.00,0.00
14/08/2016 14:30:30,62.149.145.24,0010800B-4D335719-20303038,sala_small,0.8,2979,33,27,TIME,0.00,-1.38.00,0.00
14/08/2016 14:15:17,62.149.145.24,0007800C-4D335719-20303038,studiolo,0.8,2883,34,27,TIME,0.00,-1.01.00,0.00
14/08/2016 14:02:48,62.149.145.24,0041001D-4D335719-20303038,cucina,0.8,2972,42,35,TIME,0.00,-1.38.00,0.00
14/08/2016 11:33:44,62.149.145.21,00080003-4D335719-20303038,camera_max,0.7,3058,40,34,TIME,0.00,-1.04.00,0.00
14/08/2016 10:59:39,62.149.145.22,00440005-4D335719-20303038,corridoio,0.7,3050,27,255,TIME,0.00,-1.02.00,0.00
14/08/2016 10:12:32,62.149.145.24,00228019-4D335719-20303038,camera_manu,0.7,3051,41,35,TIME,0.00,-1.02.00,0.00
14/08/2016 10:12:08,62.149.145.24,00310015-4D335719-20303038,sala_big,0.7,3049,37,30,TIME,0.00,-1.38.00,0.00
14/08/2016 09:53:35,62.149.145.24,0008800D-4D335719-20303038,bagno,0.7,3051,27,255,TIME,0.00,-1.39.00,0.00
14/08/2016 09:33:16,62.149.145.23,0010800B-4D335719-20303038,sala_small,0.8,2960,37,31,TIME,0.00,-1.38.00,0.00
14/08/2016 09:22:01,62.149.145.23,0007800C-4D335719-20303038,studiolo,0.8,2876,36,28,TIME,0.00,-1.01.00,0.00
14/08/2016 09:02:59,62.149.145.23,0041001D-4D335719-20303038,cucina,0.8,2927,26,18,TIME,0.00,-1.38.00,0.00
14/08/2016 06:32:04,62.149.145.19,00080003-4D335719-20303038,camera_max,0.7,3056,22,255,TIME,0.00,-1.05.00,0.00
14/08/2016 05:59:50,62.149.145.22,00440005-4D335719-20303038,corridoio,0.7,3055,23,255,TIME,0.00,-1.02.00,0.00
14/08/2016 05:13:36,62.149.145.24,00228019-4D335719-20303038,camera_manu,0.7,3051,22,255,TIME,0.00,-1.02.00,0.00
14/08/2016 05:10:34,62.149.145.24,00310015-4D335719-20303038,sala_big,0.7,3053,23,255,TIME,0.00,-1.38.00,0.00
14/08/2016 04:57:37,62.149.145.24,0008800D-4D335719-20303038,bagno,0.7,3053,24,255,TIME,0.00,-1.38.00,0.00
14/08/2016 04:35:26,62.149.145.24,0010800B-4D335719-20303038,sala_small,0.8,2924,22,15,TIME,0.00,-1.38.00,0.00
14/08/2016 04:27:30,62.149.145.24,0007800C-4D335719-20303038,studiolo,0.8,2839,22,15,TIME,0.00,-1.03.00,0.00
14/08/2016 04:02:31,62.149.145.20,0041001D-4D335719-20303038,cucina,0.8,2930,26,18,TIME,0.00,-1.38.00,0.00
14/08/2016 01:29:22,62.149.145.23,00080003-4D335719-20303038,camera_max,0.7,3056,25,255,TIME,0.00,-1.05.00,0.00
14/08/2016 00:59:57,62.149.145.19,00440005-4D335719-20303038,corridoio,0.7,3053,25,255,TIME,0.00,-1.02.00,0.00
14/08/2016 00:14:02,62.149.145.21,00228019-4D335719-20303038,camera_manu,0.7,3055,24,255,TIME,0.00,-1.02.00,0.00
14/08/2016 00:08:48,62.149.145.21,00310015-4D335719-20303038,sala_big,0.7,3056,26,255,TIME,0.00,-1.38.00,0.00
14/08/2016 00:01:38,62.149.145.21,0008800D-4D335719-20303038,bagno,0.7,3057,28,255,TIME,0.00,-1.38.00,0.00
13/08/2016 23:37:19,62.149.145.24,0010800B-4D335719-20303038,sala_small,0.8,2941,25,18,TIME,0.00,-1.38.00,0.00
13/08/2016 23:32:43,62.149.145.24,0007800C-4D335719-20303038,studiolo,0.8,2893,26,17,TIME,0.00,-1.01.00,0.00
13/08/2016 23:02:09,62.149.145.23,0041001D-4D335719-20303038,cucina,0.8,2908,29,22,TIME,0.00,-1.38.00,0.00
13/08/2016 20:26:47,62.149.145.23,00080003-4D335719-20303038,camera_max,0.7,3059,29,255,TIME,0.00,-1.04.00,0.00
13/08/2016 20:00:10,62.149.145.20,00440005-4D335719-20303038,corridoio,0.7,3057,30,255,TIME,0.00,-1.02.00,0.00
13/08/2016 19:14:36,62.149.145.22,00228019-4D335719-20303038,camera_manu,0.7,3057,30,255,TIME,0.00,-1.02.00,0.00
13/08/2016 19:07:13,62.149.145.22,00310015-4D335719-20303038,sala_big,0.7,3053,30,255,TIME,0.00,-1.38.00,0.00
13/08/2016 19:06:14,62.149.145.22,0008800D-4D335719-20303038,bagno,0.7,3051,44,37,TIME,0.00,-1.38.00,0.00
13/08/2016 18:39:13,62.149.145.20,0010800B-4D335719-20303038,sala_small,0.8,2956,30,24,TIME,0.00,-1.38.00,0.00
13/08/2016 18:37:59,62.149.145.20,0007800C-4D335719-20303038,studiolo,0.8,2918,30,23,TIME,0.00,-1.01.00,0.00
13/08/2016 18:02:10,62.149.145.23,0041001D-4D335719-20303038,cucina,0.8,2983,36,29,TIME,0.00,-1.38.00,0.00
13/08/2016 15:24:31,62.149.145.20,00080003-4D335719-20303038,camera_max,0.7,3058,32,26,TIME,0.00,-1.05.00,0.00
13/08/2016 15:00:45,62.149.145.24,00440005-4D335719-20303038,corridoio,0.7,3048,28,255,TIME,0.00,-1.02.00,0.00
13/08/2016 14:15:27,62.149.145.22,00228019-4D335719-20303038,camera_manu,0.7,3059,31,26,TIME,0.00,-1.02.00,0.00
13/08/2016 14:11:53,62.149.145.22,0008800D-4D335719-20303038,bagno,0.7,3044,30,255,TIME,0.00,-1.39.00,0.00
13/08/2016 14:05:53,62.149.145.22,00310015-4D335719-20303038,sala_big,0.7,3053,32,25,TIME,0.00,-1.38.00,0.00
13/08/2016 13:43:31,62.149.145.21,0007800C-4D335719-20303038,studiolo,0.8,2928,32,24,TIME,0.00,-1.01.00,0.00
13/08/2016 13:41:14,62.149.145.21,0010800B-4D335719-20303038,sala_small,0.8,2974,32,26,TIME,0.00,-1.38.00,0.00
13/08/2016 13:02:48,62.149.145.21,0041001D-4D335719-20303038,cucina,0.8,2956,38,31,TIME,0.00,-1.38.00,0.00
13/08/2016 10:22:47,62.149.145.20,00080003-4D335719-20303038,camera_max,0.7,3046,39,32,TIME,0.00,-1.05.00,0.00
13/08/2016 10:01:02,62.149.145.20,00440005-4D335719-20303038,corridoio,0.7,3048,25,255,TIME,0.00,-1.02.00,0.00
13/08/2016 09:17:01,62.149.145.21,00228019-4D335719-20303038,camera_manu,0.7,3044,37,31,TIME,0.00,-1.02.00,0.00
13/08/2016 09:16:14,62.149.145.21,0008800D-4D335719-20303038,bagno,0.7,3046,25,255,TIME,0.00,-1.39.00,0.00
13/08/2016 09:05:10,62.149.145.21,00310015-4D335719-20303038,sala_big,0.7,3040,26,255,TIME,0.00,-1.39.00,0.00
13/08/2016 08:49:49,62.149.145.21,0007800C-4D335719-20303038,studiolo,0.8,2860,32,24,TIME,0.00,-1.01.00,0.00
13/08/2016 08:43:52,62.149.145.21,0010800B-4D335719-20303038,sala_small,0.8,2942,33,27,TIME,0.00,-1.38.00,0.00
13/08/2016 08:02:41,62.149.145.19,0041001D-4D335719-20303038,cucina,0.8,2915,23,15,TIME,0.00,-1.00.00,0.00
13/08/2016 05:20:40,62.149.145.23,00080003-4D335719-20303038,camera_max,0.7,3048,22,255,TIME,0.00,-1.05.00,0.00
13/08/2016 05:01:10,62.149.145.23,00440005-4D335719-20303038,corridoio,0.7,3050,22,255,TIME,0.00,-1.02.00,0.00
13/08/2016 04:20:12,62.149.145.21,0008800D-4D335719-20303038,bagno,0.7,3053,23,255,TIME,0.00,-1.38.00,0.00
13/08/2016 04:17:46,62.149.145.21,00228019-4D335719-20303038,camera_manu,0.7,3048,21,255,TIME,0.00,-1.02.00,0.00
13/08/2016 04:03:26,62.149.145.21,00310015-4D335719-20303038,sala_big,0.7,3043,22,255,TIME,0.00,-1.38.00,0.00
13/08/2016 03:55:09,62.149.145.21,0007800C-4D335719-20303038,studiolo,0.8,2826,22,13,TIME,0.00,-1.01.00,0.00
13/08/2016 03:45:56,62.149.145.21,0010800B-4D335719-20303038,sala_small,0.8,2919,21,14,TIME,0.00,-1.38.00,0.00
13/08/2016 03:02:16,62.149.145.24,0041001D-4D335719-20303038,cucina,0.8,2895,25,16,TIME,0.00,-1.38.00,0.00
13/08/2016 00:18:00,62.149.145.19,00080003-4D335719-20303038,camera_max,0.7,3052,24,255,TIME,0.00,-1.05.00,0.00
13/08/2016 00:01:15,62.149.145.19,00440005-4D335719-20303038,corridoio,0.7,3051,25,255,TIME,0.00,-1.02.00,0.00
12/08/2016 23:24:12,62.149.145.22,0008800D-4D335719-20303038,bagno,0.7,3055,27,255,TIME,0.00,-1.38.00,0.00
12/08/2016 23:18:12,62.149.145.22,00228019-4D335719-20303038,camera_manu,0.7,3051,24,255,TIME,0.00,-1.02.00,0.00
12/08/2016 23:01:40,62.149.145.22,00310015-4D335719-20303038,sala_big,0.7,3043,26,255,TIME,0.00,-1.38.00,0.00
12/08/2016 23:00:21,62.149.145.22,0007800C-4D335719-20303038,studiolo,0.8,2878,24,16,TIME,0.00,-1.01.00,0.00
12/08/2016 22:47:50,62.149.145.22,0010800B-4D335719-20303038,sala_small,0.8,2934,25,17,TIME,0.00,-1.38.00,0.00
12/08/2016 22:01:58,62.149.145.20,0041001D-4D335719-20303038,cucina,0.8,2949,28,21,TIME,0.00,-1.00.00,0.00
12/08/2016 19:15:27,62.149.145.23,00080003-4D335719-20303038,camera_max,0.7,3046,29,255,TIME,0.00,-1.04.00,0.00
12/08/2016 19:01:31,62.149.145.23,00440005-4D335719-20303038,corridoio,0.7,3050,35,28,TIME,0.00,-1.03.00,0.00
12/08/2016 18:28:54,62.149.145.22,0008800D-4D335719-20303038,bagno,0.7,3002,40,33,TIME,0.00,-1.38.00,0.00
12/08/2016 18:18:44,62.149.145.22,00228019-4D335719-20303038,camera_manu,0.7,3053,30,255,TIME,0.00,-1.02.00,0.00
12/08/2016 18:05:34,62.149.145.22,0007800C-4D335719-20303038,studiolo,0.8,2899,30,22,TIME,0.00,-1.01.00,0.00
12/08/2016 18:00:05,62.149.145.22,00310015-4D335719-20303038,sala_big,0.7,3042,30,255,TIME,0.00,-1.38.00,0.00
12/08/2016 17:49:44,62.149.145.22,0010800B-4D335719-20303038,sala_small,0.8,2955,29,23,TIME,0.00,-1.38.00,0.00
12/08/2016 17:01:50,62.149.145.19,0041001D-4D335719-20303038,cucina,0.8,2922,37,29,TIME,0.00,-1.38.00,0.00
12/08/2016 14:13:09,62.149.145.21,00080003-4D335719-20303038,camera_max,0.7,3054,31,25,TIME,0.00,-1.04.00,0.00
12/08/2016 14:01:55,62.149.145.21,00440005-4D335719-20303038,corridoio,0.7,3050,27,255,TIME,0.00,-1.02.00,0.00
12/08/2016 13:34:02,62.149.145.20,0008800D-4D335719-20303038,bagno,0.7,3000,28,255,TIME,0.00,-1.39.00,0.00
12/08/2016 13:19:31,62.149.145.20,00228019-4D335719-20303038,camera_manu,0.7,3053,31,255,TIME,0.00,-1.02.00,0.00
12/08/2016 13:11:08,62.149.145.20,0007800C-4D335719-20303038,studiolo,0.8,2871,32,24,TIME,0.00,-1.01.00,0.00
12/08/2016 12:58:46,62.149.145.20,00310015-4D335719-20303038,sala_big,0.7,3032,34,26,TIME,0.00,-1.38.00,0.00
12/08/2016 12:51:44,62.149.145.20,0010800B-4D335719-20303038,sala_small,0.8,2974,34,28,TIME,0.00,-1.38.00,0.00
12/08/2016 12:02:28,62.149.145.20,0041001D-4D335719-20303038,cucina,0.8,2914,32,25,TIME,0.00,-1.38.00,0.00
12/08/2016 09:11:22,62.149.145.24,00080003-4D335719-20303038,camera_max,0.7,3041,33,27,TIME,0.00,-1.05.00,0.00
12/08/2016 09:02:08,62.149.145.24,00440005-4D335719-20303038,corridoio,0.7,3046,23,255,TIME,0.00,-1.02.00,0.00
12/08/2016 08:38:16,62.149.145.19,0008800D-4D335719-20303038,bagno,0.7,3033,24,255,TIME,0.00,-1.39.00,0.00
12/08/2016 08:20:56,62.149.145.19,00228019-4D335719-20303038,camera_manu,0.7,3042,30,25,TIME,0.00,-1.02.00,0.00
12/08/2016 08:17:22,62.149.145.19,0007800C-4D335719-20303038,studiolo,0.8,2837,27,19,TIME,0.00,-1.01.00,0.00
12/08/2016 07:57:45,62.149.145.19,00310015-4D335719-20303038,sala_big,0.7,3045,22,255,TIME,0.00,-1.38.00,0.00
12/08/2016 07:54:11,62.149.145.19,0010800B-4D335719-20303038,sala_small,0.8,2924,28,20,TIME,0.00,-1.38.00,0.00
12/08/2016 07:02:16,62.149.145.23,0041001D-4D335719-20303038,cucina,0.8,2915,22,14,TIME,0.00,-1.00.00,0.00
12/08/2016 06:33:26,62.149.145.21,00080011-4D335719-20303038,free_1,0.8,2749,28,22,TIME,0.00,0.00,1.07
12/08/2016 04:08:54,62.149.145.19,00080003-4D335719-20303038,camera_max,0.7,3043,21,255,TIME,0.00,-1.05.00,0.00
12/08/2016 04:02:11,62.149.145.19,00440005-4D335719-20303038,corridoio,0.7,3051,22,255,TIME,0.00,-1.03.00,0.00
12/08/2016 03:42:13,62.149.145.19,0008800D-4D335719-20303038,bagno,0.7,3025,22,255,TIME,0.00,-1.38.00,0.00
12/08/2016 03:22:33,62.149.145.19,0007800C-4D335719-20303038,studiolo,0.8,2831,20,13,TIME,0.00,-1.01.00,0.00
12/08/2016 03:21:28,62.149.145.19,00228019-4D335719-20303038,camera_manu,0.7,3046,21,255,TIME,0.00,-1.02.00,0.00
12/08/2016 02:56:12,62.149.145.20,0010800B-4D335719-20303038,sala_small,0.8,2917,20,13,TIME,0.00,-1.38.00,0.00
12/08/2016 02:55:57,62.149.145.20,00310015-4D335719-20303038,sala_big,0.7,3045,21,255,TIME,0.00,-1.38.00,0.00
12/08/2016 02:01:47,62.149.145.24,0041001D-4D335719-20303038,cucina,0.8,2929,24,16,TIME,0.00,-1.38.00,0.00
12/08/2016 01:34:38,62.149.145.22,00080011-4D335719-20303038,free_1,0.8,2755,29,23,TIME,0.00,0.00,1.07
11/08/2016 23:06:11,62.149.145.23,00080003-4D335719-20303038,camera_max,0.7,3052,23,255,TIME,0.00,-1.04.00,0.00
11/08/2016 23:02:13,62.149.145.23,00440005-4D335719-20303038,corridoio,0.7,3055,24,255,TIME,0.00,-1.02.00,0.00
11/08/2016 22:46:08,62.149.145.23,0008800D-4D335719-20303038,bagno,0.7,3044,26,255,TIME,0.00,-1.38.00,0.00
11/08/2016 22:27:35,62.149.145.23,0007800C-4D335719-20303038,studiolo,0.8,2831,23,16,TIME,0.00,-1.01.00,0.00
11/08/2016 22:21:53,62.149.145.23,00228019-4D335719-20303038,camera_manu,0.7,3046,23,255,TIME,0.00,-1.02.00,0.00
11/08/2016 21:58:05,62.149.145.20,0010800B-4D335719-20303038,sala_small,0.8,2936,23,16,TIME,0.00,-1.38.00,0.00
11/08/2016 21:54:09,62.149.145.20,00310015-4D335719-20303038,sala_big,0.7,3047,25,255,TIME,0.00,-1.38.00,0.00
11/08/2016 21:01:17,62.149.145.24,0041001D-4D335719-20303038,cucina,0.8,2955,29,21,TIME,0.00,-1.00.00,0.00
11/08/2016 20:35:51,62.149.145.19,00080011-4D335719-20303038,free_1,0.8,2756,29,22,TIME,0.00,0.00,1.07
11/08/2016 18:03:36,62.149.145.19,00080003-4D335719-20303038,camera_max,0.7,3050,29,255,TIME,0.00,-1.05.00,0.00
11/08/2016 18:02:34,62.149.145.19,00440005-4D335719-20303038,corridoio,0.7,3048,30,255,TIME,0.00,-1.03.00,0.00
11/08/2016 17:51:00,62.149.145.19,0008800D-4D335719-20303038,bagno,0.7,2965,40,34,TIME,0.00,-1.39.00,0.00
11/08/2016 17:32:56,62.149.145.19,0007800C-4D335719-20303038,studiolo,0.8,2863,28,20,TIME,0.00,-1.01.00,0.00
11/08/2016 17:22:26,62.149.145.19,00228019-4D335719-20303038,camera_manu,0.7,3046,28,255,TIME,0.00,-1.02.00,0.00
11/08/2016 16:59:59,62.149.145.21,0010800B-4D335719-20303038,sala_small,0.8,2958,28,21,TIME,0.00,-1.38.00,0.00
11/08/2016 16:52:34,62.149.145.21,00310015-4D335719-20303038,sala_big,0.7,3045,29,255,TIME,0.00,-1.38.00,0.00
11/08/2016 16:01:06,62.149.145.24,0041001D-4D335719-20303038,cucina,0.8,2981,37,30,TIME,0.00,-1.38.00,0.00
11/08/2016 15:37:06,62.149.145.20,00080011-4D335719-20303038,free_1,0.8,2758,29,23,TIME,0.00,0.00,1.07
11/08/2016 13:02:52,62.149.145.20,00440005-4D335719-20303038,corridoio,0.7,3048,27,255,TIME,0.00,-1.04.00,0.00
11/08/2016 13:01:19,62.149.145.20,00080003-4D335719-20303038,camera_max,0.7,3058,31,26,TIME,0.00,-1.04.00,0.00
11/08/2016 12:55:54,62.149.145.20,0008800D-4D335719-20303038,bagno,0.7,3044,28,255,TIME,0.00,-1.39.00,0.00
11/08/2016 12:38:25,62.149.145.20,0007800C-4D335719-20303038,studiolo,0.8,2961,33,26,TIME,0.00,-1.01.00,0.00
11/08/2016 12:23:18,62.149.145.20,00228019-4D335719-20303038,camera_manu,0.7,3053,34,28,TIME,0.00,-1.02.00,0.00
11/08/2016 12:02:02,62.149.145.24,0010800B-4D335719-20303038,sala_small,0.8,2983,36,30,TIME,0.00,-1.38.00,0.00
11/08/2016 11:51:21,62.149.145.24,00310015-4D335719-20303038,sala_big,0.7,3032,37,29,TIME,0.00,-1.38.00,0.00
11/08/2016 11:01:21,62.149.145.23,0041001D-4D335719-20303038,cucina,0.8,2939,30,22,TIME,0.00,-1.00.00,0.00
11/08/2016 10:38:19,62.149.145.22,00080011-4D335719-20303038,free_1,0.8,2759,29,23,TIME,0.00,0.00,1.07
11/08/2016 08:03:07,62.149.145.21,00440005-4D335719-20303038,corridoio,0.7,3050,23,255,TIME,0.00,-1.03.00,0.00
11/08/2016 08:00:11,62.149.145.21,0008800D-4D335719-20303038,bagno,0.7,3049,24,255,TIME,0.00,-1.39.00,0.00
11/08/2016 07:59:43,62.149.145.21,00080003-4D335719-20303038,camera_max,0.7,3048,28,255,TIME,0.00,-1.03.00,0.00
11/08/2016 07:44:10,62.149.145.21,0007800C-4D335719-20303038,studiolo,0.8,2889,23,15,TIME,0.00,-1.01.00,0.00
11/08/2016 07:24:49,62.149.145.21,00228019-4D335719-20303038,camera_manu,0.7,3040,26,255,TIME,0.00,-1.00.00,0.00
11/08/2016 07:04:32,62.149.145.23,0010800B-4D335719-20303038,sala_small,0.8,2927,23,16,TIME,0.00,-1.38.00,0.00
11/08/2016 06:50:18,62.149.145.23,00310015-4D335719-20303038,sala_big,0.7,3040,23,255,TIME,0.00,-1.39.00,0.00
11/08/2016 06:00:57,62.149.145.23,0041001D-4D335719-20303038,cucina,0.8,2934,23,16,TIME,0.00,-1.38.00,0.00
11/08/2016 05:39:33,62.149.145.24,00080011-4D335719-20303038,free_1,0.8,2762,29,23,TIME,0.00,0.00,1.07
11/08/2016 03:04:16,62.149.145.24,0008800D-4D335719-20303038,bagno,0.7,3055,24,255,TIME,0.00,-1.39.00,0.00
11/08/2016 03:03:17,62.149.145.24,00440005-4D335719-20303038,corridoio,0.7,3057,24,255,TIME,0.00,-1.02.00,0.00
11/08/2016 02:57:11,62.149.145.24,00080003-4D335719-20303038,camera_max,0.7,3052,24,255,TIME,0.00,-1.05.00,0.00
11/08/2016 02:48:54,62.149.145.24,0007800C-4D335719-20303038,studiolo,0.8,2909,22,15,TIME,0.00,-1.01.00,0.00
11/08/2016 02:25:25,62.149.145.20,00228019-4D335719-20303038,camera_manu,0.7,3044,22,255,TIME,0.00,-1.00.00,0.00
11/08/2016 02:06:32,62.149.145.20,0010800B-4D335719-20303038,sala_small,0.8,2937,22,15,TIME,0.00,-1.38.00,0.00
11/08/2016 01:48:41,62.149.145.20,00310015-4D335719-20303038,sala_big,0.7,3053,23,255,TIME,0.00,-1.39.00,0.00
11/08/2016 01:00:28,62.149.145.24,0041001D-4D335719-20303038,cucina,0.8,2948,25,18,TIME,0.00,-1.00.00,0.00
11/08/2016 00:40:47,62.149.145.24,00080011-4D335719-20303038,free_1,0.8,2765,29,24,TIME,0.00,0.00,1.07
10/08/2016 22:08:25,62.149.145.19,0008800D-4D335719-20303038,bagno,0.7,3055,28,255,TIME,0.00,-1.39.00,0.00
10/08/2016 22:03:27,62.149.145.19,00440005-4D335719-20303038,corridoio,0.7,3059,26,255,TIME,0.00,-1.02.00,0.00
10/08/2016 21:54:38,62.149.145.19,00080003-4D335719-20303038,camera_max,0.7,3058,25,255,TIME,0.00,-1.05.00,0.00
10/08/2016 21:53:28,62.149.145.19,0007800C-4D335719-20303038,studiolo,0.8,2956,24,17,TIME,0.00,-1.03.00,0.00
10/08/2016 21:26:00,62.149.145.19,00228019-4D335719-20303038,camera_manu,0.7,3044,25,255,TIME,0.00,-1.00.00,0.00
10/08/2016 21:08:27,62.149.145.19,0010800B-4D335719-20303038,sala_small,0.8,2958,25,18,TIME,0.00,-1.38.00,0.00
10/08/2016 20:47:05,62.149.145.21,00310015-4D335719-20303038,sala_big,0.7,3054,26,255,TIME,0.00,-1.39.00,0.00
10/08/2016 19:59:59,62.149.145.23,0041001D-4D335719-20303038,cucina,0.8,2979,30,23,TIME,0.00,-1.38.00,0.00
10/08/2016 19:42:04,62.149.145.23,00080011-4D335719-20303038,free_1,0.8,2768,30,23,TIME,0.00,0.00,1.07
10/08/2016 17:13:23,62.149.145.19,0008800D-4D335719-20303038,bagno,0.7,3025,38,32,TIME,0.00,-1.39.00,0.00
10/08/2016 17:03:53,62.149.145.19,00440005-4D335719-20303038,corridoio,0.7,3053,29,255,TIME,0.00,-1.02.00,0.00
10/08/2016 16:58:06,62.149.145.19,0007800C-4D335719-20303038,studiolo,0.8,3023,28,21,TIME,0.00,-1.01.00,0.00
10/08/2016 16:52:15,62.149.145.19,00080003-4D335719-20303038,camera_max,0.7,3056,30,255,TIME,0.00,-1.05.00,0.00
10/08/2016 16:26:45,62.149.145.23,00228019-4D335719-20303038,camera_manu,0.7,3044,29,255,TIME,0.00,-1.01.00,0.00
10/08/2016 16:10:20,62.149.145.23,0010800B-4D335719-20303038,sala_small,0.8,2979,29,22,TIME,0.00,-1.38.00,0.00
10/08/2016 15:45:38,62.149.145.21,00310015-4D335719-20303038,sala_big,0.7,3054,30,255,TIME,0.00,-1.38.00,0.00
10/08/2016 15:00:01,62.149.145.24,0041001D-4D335719-20303038,cucina,0.8,3000,39,32,TIME,0.00,-1.38.00,0.00
10/08/2016 14:43:22,62.149.145.24,00080011-4D335719-20303038,free_1,0.8,2770,30,24,TIME,0.00,0.00,1.07
10/08/2016 12:18:09,62.149.145.19,0008800D-4D335719-20303038,bagno,0.7,3055,29,255,MOVE,0.00,-1.35.00,0.00
10/08/2016 12:18:08,62.149.145.19,0008800D-4D335719-20303038,bagno,0.7,3051,29,255,MOVE,0.00,-1.08.00,0.00
10/08/2016 12:04:41,62.149.145.19,0008800D-4D335719-20303038,bagno,0.7,3049,30,255,MOVE,0.00,-1.37.00,0.00
10/08/2016 12:04:40,62.149.145.19,0008800D-4D335719-20303038,bagno,0.7,3051,30,255,MOVE,0.00,-1.37.00,0.00
10/08/2016 12:04:39,62.149.145.19,0008800D-4D335719-20303038,bagno,0.7,3051,30,255,MOVE,0.00,-1.10.00,0.00
10/08/2016 12:04:37,62.149.145.19,0008800D-4D335719-20303038,bagno,0.7,3051,30,255,MOVE,0.00,-1.38.00,0.00
10/08/2016 12:04:37,62.149.145.19,0008800D-4D335719-20303038,bagno,0.7,3051,30,255,MOVE,0.00,-1.03.00,0.00
10/08/2016 12:04:36,62.149.145.19,0008800D-4D335719-20303038,bagno,0.7,3051,30,255,MOVE,0.00,-1.50.00,0.00
10/08/2016 12:04:35,62.149.145.19,0008800D-4D335719-20303038,bagno,0.7,3042,30,255,MOVE,0.00,-1.38.00,0.00
10/08/2016 12:04:12,62.149.145.19,00440005-4D335719-20303038,corridoio,0.7,3057,25,255,TIME,0.00,-1.02.00,0.00
10/08/2016 12:04:05,62.149.145.19,0008800D-4D335719-20303038,bagno,0.7,3042,30,255,MOVE,0.00,-1.34.00,0.00
10/08/2016 12:02:38,62.149.145.19,0007800C-4D335719-20303038,studiolo,0.8,3031,30,23,MOVE,0.00,-1.03.00,0.00
10/08/2016 12:02:37,62.149.145.19,0007800C-4D335719-20303038,studiolo,0.8,3058,30,23,MOVE,0.00,-1.10.00,0.00
10/08/2016 12:02:37,62.149.145.19,0007800C-4D335719-20303038,studiolo,0.8,3058,30,23,MOVE,0.00,-1.10.00,0.00
10/08/2016 12:02:36,62.149.145.19,0007800C-4D335719-20303038,studiolo,0.8,3049,30,22,MOVE,0.00,-1.18.00,0.00
10/08/2016 12:02:35,62.149.145.19,0007800C-4D335719-20303038,studiolo,0.8,3092,30,22,MOVE,0.00,-1.30.00,0.00
10/08/2016 12:02:35,62.149.145.19,0007800C-4D335719-20303038,studiolo,0.8,3077,30,23,MOVE,-0.29.00,-2.23.00,0.39
10/08/2016 11:50:02,62.149.145.19,00080003-4D335719-20303038,camera_max,0.7,3058,27,255,TIME,0.00,-1.05.00,0.00
10/08/2016 11:27:38,62.149.145.20,00228019-4D335719-20303038,camera_manu,0.7,3044,25,255,TIME,0.00,-1.00.00,0.00
10/08/2016 11:12:13,62.149.145.20,0010800B-4D335719-20303038,sala_small,0.8,2976,28,20,MOVE,0.00,-1.35.00,0.00
10/08/2016 11:12:12,62.149.145.20,0010800B-4D335719-20303038,sala_small,0.8,2983,28,20,MOVE,0.00,-1.36.00,0.00
10/08/2016 11:12:07,62.149.145.20,0010800B-4D335719-20303038,sala_small,0.8,2977,28,20,MOVE,0.00,-1.30.00,0.00
10/08/2016 11:12:05,62.149.145.20,0010800B-4D335719-20303038,sala_small,0.8,2983,28,21,MOVE,0.00,-1.00.00,0.00
10/08/2016 11:11:59,62.149.145.20,0010800B-4D335719-20303038,sala_small,0.8,2969,28,21,MOVE,0.00,-1.34.00,0.00
10/08/2016 11:11:58,62.149.145.20,0010800B-4D335719-20303038,sala_small,0.8,2981,28,21,MOVE,-0.19.00,-2.17.00,-0.16.00
10/08/2016 11:11:56,62.149.145.20,0010800B-4D335719-20303038,sala_small,0.8,2981,28,21,MOVE,0.00,-1.37.00,0.00
10/08/2016 11:11:55,62.149.145.20,0010800B-4D335719-20303038,sala_small,0.8,2976,28,20,MOVE,0.00,-1.38.00,0.00
10/08/2016 11:11:54,62.149.145.20,0010800B-4D335719-20303038,sala_small,0.8,2988,28,21,MOVE,0.00,-1.26.00,0.00
10/08/2016 11:11:47,62.149.145.20,0010800B-4D335719-20303038,sala_small,0.8,2977,28,21,MOVE,0.00,-1.47.00,0.00
10/08/2016 11:11:47,62.149.145.20,0010800B-4D335719-20303038,sala_small,0.8,2972,28,20,MOVE,0.00,-1.30.00,0.00
10/08/2016 11:11:46,62.149.145.20,0010800B-4D335719-20303038,sala_small,0.8,2986,28,21,MOVE,-0.15.00,-1.32.00,0.00
10/08/2016 11:11:45,62.149.145.20,0010800B-4D335719-20303038,sala_small,0.8,2993,28,20,MOVE,0.00,-0.45.00,0.00
10/08/2016 10:44:18,62.149.145.20,00310015-4D335719-20303038,sala_big,0.7,3053,25,255,TIME,0.00,-1.39.00,0.00
10/08/2016 10:29:06,62.149.145.20,0007800C-4D335719-20303038,studiolo,0.8,3047,30,24,MOVE,0.00,-1.03.00,0.00
10/08/2016 10:29:05,62.149.145.20,0007800C-4D335719-20303038,studiolo,0.8,3083,30,24,MOVE,0.00,-1.10.00,0.00
10/08/2016 10:29:04,62.149.145.20,0007800C-4D335719-20303038,studiolo,0.8,3100,30,24,MOVE,0.00,-1.05.00,0.00
10/08/2016 10:29:04,62.149.145.20,0007800C-4D335719-20303038,studiolo,0.8,3083,30,24,MOVE,0.00,-1.10.00,0.00
10/08/2016 10:29:01,62.149.145.20,0007800C-4D335719-20303038,studiolo,0.8,3123,30,24,MOVE,0.00,-1.34.00,0.00
10/08/2016 10:29:01,62.149.145.20,0007800C-4D335719-20303038,studiolo,0.8,3079,30,24,MOVE,0.00,-1.30.00,0.00
10/08/2016 10:29:01,62.149.145.20,0007800C-4D335719-20303038,studiolo,0.8,3077,30,23,MOVE,0.00,-1.03.00,0.00
10/08/2016 10:29:00,62.149.145.20,0007800C-4D335719-20303038,studiolo,0.8,3123,30,24,MOVE,0.00,-1.34.00,0.00
10/08/2016 10:28:18,62.149.145.20,0010800B-4D335719-20303038,sala_small,0.8,2997,28,20,MOVE,0.00,-1.33.00,0.00
10/08/2016 07:04:24,62.149.145.23,00440005-4D335719-20303038,corridoio,0.7,3057,26,255,TIME,0.00,-1.03.00,0.00
10/08/2016 06:47:36,62.149.145.23,00080003-4D335719-20303038,camera_max,0.7,3059,29,255,TIME,0.00,-1.05.00,0.00
10/08/2016 06:28:12,62.149.145.23,00228019-4D335719-20303038,camera_manu,0.7,3048,25,255,TIME,0.00,-1.00.00,0.00
10/08/2016 06:24:09,62.149.145.23,0010800B-4D335719-20303038,sala_small,0.8,3033,25,18,TIME,0.00,-1.38.00,0.00
10/08/2016 05:42:42,62.149.145.19,00310015-4D335719-20303038,sala_big,0.7,3053,27,255,TIME,0.00,-1.38.00,0.00
10/08/2016 04:59:04,62.149.145.24,0041001D-4D335719-20303038,cucina,0.8,3024,28,20,TIME,0.00,-1.38.00,0.00
10/08/2016 04:52:50,62.149.145.24,0008800D-4D335719-20303038,bagno,0.7,3048,25,255,TIME,0.00,-1.38.00,0.00
10/08/2016 04:51:18,62.149.145.24,0007800C-4D335719-20303038,studiolo,0.7,2925,26,255,TIME,0.00,-1.03.00,0.00
10/08/2016 04:45:55,62.149.145.24,00080011-4D335719-20303038,free_1,0.8,2777,30,24,TIME,0.00,0.00,1.07
10/08/2016 02:04:35,62.149.145.19,00440005-4D335719-20303038,corridoio,0.7,3062,27,255,TIME,0.00,-1.02.00,0.00
10/08/2016 01:45:13,62.149.145.20,00080003-4D335719-20303038,camera_max,0.7,3065,29,255,TIME,0.00,-1.05.00,0.00
10/08/2016 01:28:47,62.149.145.20,00228019-4D335719-20303038,camera_manu,0.7,3051,27,255,TIME,0.00,-1.01.00,0.00
10/08/2016 01:25:29,62.149.145.20,0010800B-4D335719-20303038,sala_small,0.8,3083,30,24,MOVE,0.00,-1.01.00,0.00
10/08/2016 01:25:24,62.149.145.20,0010800B-4D335719-20303038,sala_small,0.8,3077,30,23,MOVE,0.00,-1.05.00,0.00
10/08/2016 01:25:22,62.149.145.20,0010800B-4D335719-20303038,sala_small,0.8,3072,30,23,MOVE,0.00,-1.38.00,0.00
10/08/2016 01:25:21,62.149.145.20,0010800B-4D335719-20303038,sala_small,0.8,3074,30,23,MOVE,0.00,-1.03.00,0.00
10/08/2016 01:25:20,62.149.145.20,0010800B-4D335719-20303038,sala_small,0.8,3074,30,23,MOVE,0.00,-1.01.00,0.00
10/08/2016 01:25:19,62.149.145.20,0010800B-4D335719-20303038,sala_small,0.8,3070,30,23,MOVE,0.00,-1.01.00,0.00
10/08/2016 01:25:18,62.149.145.20,0010800B-4D335719-20303038,sala_small,0.8,3087,30,23,MOVE,0.00,-1.14.00,0.00
10/08/2016 01:25:15,62.149.145.20,0010800B-4D335719-20303038,sala_small,0.8,3076,30,23,MOVE,0.00,-1.08.00,0.00
10/08/2016 01:25:15,62.149.145.20,0010800B-4D335719-20303038,sala_small,0.8,3066,30,23,MOVE,0.00,-1.38.00,0.00
10/08/2016 01:25:14,62.149.145.20,0010800B-4D335719-20303038,sala_small,0.8,3076,30,24,MOVE,0.00,-1.39.00,0.00
10/08/2016 01:25:13,62.149.145.20,0010800B-4D335719-20303038,sala_small,0.8,3098,30,23,MOVE,0.00,-1.08.00,0.00
10/08/2016 01:25:13,62.149.145.20,0010800B-4D335719-20303038,sala_small,0.8,3087,30,24,MOVE,0.00,-1.34.00,0.00
10/08/2016 01:25:08,62.149.145.20,0010800B-4D335719-20303038,sala_small,0.8,3095,30,23,MOVE,0.00,-1.04.00,0.00
10/08/2016 01:25:07,62.149.145.20,0010800B-4D335719-20303038,sala_small,0.8,3098,30,23,MOVE,0.00,-1.35.00,0.00
10/08/2016 01:25:05,62.149.145.20,0010800B-4D335719-20303038,sala_small,0.8,3093,30,23,MOVE,0.00,-1.07.00,0.00
10/08/2016 01:25:03,62.149.145.20,0010800B-4D335719-20303038,sala_small,0.8,3100,30,23,MOVE,0.00,-1.30.00,-0.16.00
10/08/2016 01:25:02,62.149.145.20,0010800B-4D335719-20303038,sala_small,0.8,3110,30,23,MOVE,0.00,-1.33.00,0.00
10/08/2016 00:41:04,62.149.145.21,00310015-4D335719-20303038,sala_big,0.7,3053,28,255,TIME,0.00,-1.38.00,0.00
09/08/2016 23:58:10,62.149.145.20,0041001D-4D335719-20303038,cucina,0.8,3035,28,20,MOVE,0.00,-1.38.00,0.00
09/08/2016 23:58:08,62.149.145.20,0041001D-4D335719-20303038,cucina,0.8,3050,28,21,MOVE,0.00,-1.10.00,0.00
09/08/2016 23:58:08,62.149.145.20,0041001D-4D335719-20303038,cucina,0.8,3044,28,21,MOVE,0.00,-1.15.00,0.00
09/08/2016 23:58:07,62.149.145.20,0041001D-4D335719-20303038,cucina,0.8,3051,28,21,MOVE,0.00,-1.18.00,0.00
09/08/2016 23:58:06,62.149.145.20,0041001D-4D335719-20303038,cucina,0.8,3050,28,20,MOVE,0.00,-1.33.00,0.00
09/08/2016 23:58:05,62.149.145.20,0041001D-4D335719-20303038,cucina,0.8,3068,28,21,MOVE,0.00,-1.19.00,0.00
09/08/2016 23:58:05,62.149.145.20,0041001D-4D335719-20303038,cucina,0.8,3068,28,21,MOVE,0.00,-1.19.00,0.00
09/08/2016 23:58:03,62.149.145.20,0041001D-4D335719-20303038,cucina,0.8,3064,28,21,MOVE,0.00,-1.29.00,0.00
09/08/2016 23:58:02,62.149.145.20,0041001D-4D335719-20303038,cucina,0.8,3079,28,20,MOVE,0.00,-1.26.00,0.00
09/08/2016 23:57:07,62.149.145.20,0008800D-4D335719-20303038,bagno,0.7,3049,30,255,MOVE,0.00,-1.36.00,0.00
09/08/2016 23:57:07,62.149.145.20,0008800D-4D335719-20303038,bagno,0.7,3051,30,255,MOVE,0.00,-1.34.00,0.00
09/08/2016 23:56:15,62.149.145.20,0007800C-4D335719-20303038,studiolo,0.7,2909,30,255,MOVE,-0.17.00,-1.32.00,0.00
09/08/2016 23:56:15,62.149.145.20,0007800C-4D335719-20303038,studiolo,0.7,2891,30,255,MOVE,0.00,-1.03.00,0.00
09/08/2016 23:56:14,62.149.145.20,0007800C-4D335719-20303038,studiolo,0.7,2913,30,255,MOVE,0.00,-1.23.00,0.00
09/08/2016 23:56:13,62.149.145.20,0007800C-4D335719-20303038,studiolo,0.7,2899,30,255,MOVE,0.00,-1.02.00,0.00
09/08/2016 23:56:12,62.149.145.20,0007800C-4D335719-20303038,studiolo,0.7,2903,30,255,MOVE,0.00,-1.12.00,0.00
09/08/2016 23:56:12,62.149.145.20,0007800C-4D335719-20303038,studiolo,0.7,2899,30,255,MOVE,0.00,-1.02.00,0.00
09/08/2016 23:56:11,62.149.145.20,0007800C-4D335719-20303038,studiolo,0.7,2932,30,255,MOVE,0.00,-1.03.00,0.00
09/08/2016 23:56:10,62.149.145.20,0007800C-4D335719-20303038,studiolo,0.7,2932,30,255,MOVE,0.00,-1.03.00,0.00
09/08/2016 23:47:12,62.149.145.20,00080011-4D335719-20303038,free_1,0.8,2820,31,24,MOVE,0.00,-1.38.00,0.00
09/08/2016 23:47:10,62.149.145.20,00080011-4D335719-20303038,free_1,0.8,2818,31,25,MOVE,0.00,0.37,1.19
09/08/2016 23:47:09,62.149.145.20,00080011-4D335719-20303038,free_1,0.8,2821,31,24,MOVE,-0.24.00,1.32,0.00
09/08/2016 23:47:09,62.149.145.20,00080011-4D335719-20303038,free_1,0.8,2821,30,25,MOVE,0.00,1.02,0.00
09/08/2016 23:47:08,62.149.145.20,00080011-4D335719-20303038,free_1,0.8,2820,31,25,MOVE,-0.17.00,1.07,-0.47.00
09/08/2016 23:47:07,62.149.145.20,00080011-4D335719-20303038,free_1,0.8,2816,31,25,MOVE,0.00,1.35,-0.16.00
09/08/2016 23:47:06,62.149.145.20,00080011-4D335719-20303038,free_1,0.8,2809,30,24,MOVE,0.00,1.08,0.00
09/08/2016 23:47:04,62.149.145.20,00080011-4D335719-20303038,free_1,0.8,2794,30,24,MOVE,0.00,1.17,0.43
09/08/2016 23:37:11,62.149.145.20,00080011-4D335719-20303038,free_1,0.8,2807,30,25,MOVE,0.00,0.56,0.00
09/08/2016 23:35:52,62.149.145.20,00080011-4D335719-20303038,free_1,0.8,2813,30,25,MOVE,0.00,1.33,0.00
09/08/2016 23:35:52,62.149.145.20,00080011-4D335719-20303038,free_1,0.8,2816,31,24,MOVE,0.00,1.37,0.00
09/08/2016 23:35:43,62.149.145.20,00080011-4D335719-20303038,free_1,0.8,2809,31,25,MOVE,0.20,0.38,0.00
09/08/2016 23:35:43,62.149.145.20,00080011-4D335719-20303038,free_1,0.8,2821,30,24,MOVE,0.22,0.00,0.00
09/08/2016 23:35:01,62.149.145.20,00080011-4D335719-20303038,free_1,0.8,2799,30,24,MOVE,0.18,1.17,0.00
09/08/2016 23:29:30,88.147.112.244,00080011-4D335719-20303038,free_1,0.8,2805,30,24,MOVE,-0.15.00,1.34,-0.34.00
09/08/2016 23:29:29,88.147.112.244,00080011-4D335719-20303038,free_1,0.8,2790,30,25,MOVE,0.00,1.26,0.00
09/08/2016 23:14:54,62.149.145.20,00080011-4D335719-20303038,free_1,0.8,2793,30,24,MOVE,0.00,1.24,0.00
09/08/2016 23:14:54,62.149.145.20,00080011-4D335719-20303038,free_1,0.8,2805,30,25,MOVE,0.00,1.36,0.00
09/08/2016 22:58:20,88.147.112.244,00080011-4D335719-20303038,free_1,0.8,2815,31,25,MOVE,0.00,1.35,0.00
09/08/2016 22:58:06,88.147.112.244,00080011-4D335719-20303038,free_1,0.8,2810,31,26,MOVE,0.00,0.36,0.00
09/08/2016 22:58:06,88.147.112.244,00080011-4D335719-20303038,free_1,0.8,2821,31,26,MOVE,0.00,1.00,0.00
09/08/2016 22:57:47,88.147.112.244,00080011-4D335719-20303038,free_1,0.8,2805,31,26,MOVE,0.00,0.41,0.00
09/08/2016 22:55:31,88.147.112.244,00080011-4D335719-20303038,free_1,0.8,2810,31,25,MOVE,0.00,0.47,0.00
09/08/2016 22:55:25,88.147.112.244,00080011-4D335719-20303038,free_1,0.8,2804,30,24,MOVE,0.00,1.08,0.00
09/08/2016 22:55:07,88.147.112.244,00080011-4D335719-20303038,free_1,0.8,2802,30,25,MOVE,0.00,0.34,0.00
09/08/2016 22:54:54,88.147.112.244,00080011-4D335719-20303038,free_1,0.8,2794,30,24,MOVE,0.00,0.30,1.36
09/08/2016 22:46:49,62.149.145.20,00080011-4D335719-20303038,free_1,0.8,2791,30,24,MOVE,0.00,1.06,0.27
09/08/2016 22:45:19,62.149.145.20,0010800B-4D335719-20303038,sala_small,0.8,3157,32,24,MOVE,0.00,-1.37.00,0.00
09/08/2016 22:45:18,62.149.145.20,0010800B-4D335719-20303038,sala_small,0.8,3167,31,26,MOVE,0.00,-1.29.00,-0.18.00
09/08/2016 22:45:18,62.149.145.20,0010800B-4D335719-20303038,sala_small,0.8,3159,31,26,MOVE,0.00,-1.10.00,-0.17.00
09/08/2016 22:45:17,62.149.145.20,0010800B-4D335719-20303038,sala_small,0.8,3183,32,26,MOVE,0.00,-1.12.00,0.00
09/08/2016 22:43:35,62.149.145.20,0007800C-4D335719-20303038,studiolo,0.7,2918,30,255,MOVE,0.00,-1.39.00,0.00
09/08/2016 22:43:33,62.149.145.20,0007800C-4D335719-20303038,studiolo,0.7,2915,30,255,MOVE,0.00,-1.35.00,0.00
09/08/2016 22:43:33,62.149.145.20,0007800C-4D335719-20303038,studiolo,0.7,2915,30,255,MOVE,0.00,-1.03.00,0.00
09/08/2016 22:43:31,62.149.145.20,0007800C-4D335719-20303038,studiolo,0.7,2932,30,255,MOVE,0.00,-1.31.00,0.00
09/08/2016 22:43:10,62.149.145.20,0010800B-4D335719-20303038,sala_small,0.8,3181,33,27,MOVE,0.00,-1.11.00,0.00
09/08/2016 22:43:09,62.149.145.20,0010800B-4D335719-20303038,sala_small,0.8,3167,33,26,MOVE,0.00,-1.01.00,0.00
09/08/2016 22:42:50,62.149.145.20,0010800B-4D335719-20303038,sala_small,0.8,3163,33,26,MOVE,-0.33.00,-1.01.00,0.00
09/08/2016 22:42:50,62.149.145.20,0010800B-4D335719-20303038,sala_small,0.8,3157,33,27,MOVE,-0.16.00,-1.22.00,-0.18.00
09/08/2016 22:42:49,62.149.145.20,0010800B-4D335719-20303038,sala_small,0.8,3167,32,27,MOVE,-0.23.00,-1.32.00,0.00
09/08/2016 22:42:48,62.149.145.20,0010800B-4D335719-20303038,sala_small,0.8,3169,32,26,MOVE,-0.47.00,-1.02.00,0.00
09/08/2016 22:42:46,62.149.145.20,0010800B-4D335719-20303038,sala_small,0.8,3185,32,27,MOVE,-0.45.00,-1.32.00,-0.24.00
09/08/2016 22:42:43,62.149.145.20,0010800B-4D335719-20303038,sala_small,0.8,3189,32,26,MOVE,-0.27.00,-1.05.00,1.07
09/08/2016 22:42:40,62.149.145.20,0010800B-4D335719-20303038,sala_small,0.8,3189,32,26,POWERON,-0.33.00,0.41,-1.38.00
09/08/2016 22:41:41,62.149.145.20,0010800B-4D335719-20303038,sala_small,0.7,3323,31,255,POWERON,0.59,-0.58.00,-1.02.00
09/08/2016 22:40:49,62.149.145.20,0010800B-4D335719-20303038,sala_small,0.7,2946,30,255,MOVE,1.24,0.22,-0.45.00
09/08/2016 22:40:49,62.149.145.20,0010800B-4D335719-20303038,sala_small,0.7,2930,30,255,MOVE,1.19,0.00,-1.30.00
09/08/2016 22:40:33,62.149.145.20,0010800B-4D335719-20303038,sala_small,0.7,2937,30,255,MOVE,0.00,-1.07.00,0.00
09/08/2016 22:40:32,62.149.145.20,0010800B-4D335719-20303038,sala_small,0.7,2949,30,255,MOVE,0.00,-1.00.00,0.00
09/08/2016 22:40:32,62.149.145.20,0010800B-4D335719-20303038,sala_small,0.7,2942,30,255,MOVE,0.00,-1.05.00,-0.15.00
09/08/2016 22:39:53,62.149.145.20,0041001D-4D335719-20303038,cucina,0.8,3169,34,27,MOVE,0.00,-1.26.00,0.00
09/08/2016 22:39:53,62.149.145.20,0041001D-4D335719-20303038,cucina,0.8,3161,33,27,MOVE,0.00,-1.38.00,0.00
09/08/2016 22:39:34,62.149.145.20,0041001D-4D335719-20303038,cucina,0.8,3155,33,27,MOVE,0.00,-1.39.00,0.00
09/08/2016 22:39:32,62.149.145.20,0041001D-4D335719-20303038,cucina,0.8,3165,33,26,MOVE,-0.23.00,-1.36.00,0.00
09/08/2016 22:39:25,62.149.145.20,0041001D-4D335719-20303038,cucina,0.8,3157,33,27,MOVE,0.46,-1.36.00,-0.23.00
09/08/2016 22:39:21,62.149.145.20,0041001D-4D335719-20303038,cucina,0.8,3153,34,26,MOVE,-0.47.00,-0.38.00,-1.20.00
09/08/2016 22:39:20,62.149.145.20,0041001D-4D335719-20303038,cucina,0.8,3165,33,27,MOVE,0.00,-1.23.00,-0.37.00
09/08/2016 22:39:17,62.149.145.20,0041001D-4D335719-20303038,cucina,0.8,3161,33,27,MOVE,0.19,-1.38.00,-0.20.00
09/08/2016 22:39:16,62.149.145.20,0041001D-4D335719-20303038,cucina,0.8,3163,33,27,MOVE,0.00,-1.00.00,-0.17.00
09/08/2016 22:39:15,62.149.145.20,0041001D-4D335719-20303038,cucina,0.8,3169,33,26,MOVE,0.43,-1.05.00,-0.28.00
09/08/2016 22:39:09,62.149.145.20,0041001D-4D335719-20303038,cucina,0.8,3171,33,26,MOVE,0.00,-1.25.00,0.00
09/08/2016 22:39:09,62.149.145.20,0041001D-4D335719-20303038,cucina,0.8,3157,33,27,MOVE,0.00,-0.27.00,0.28
09/08/2016 22:39:03,62.149.145.20,0041001D-4D335719-20303038,cucina,0.8,3177,32,26,MOVE,0.30,-1.03.00,-0.51.00
09/08/2016 22:39:00,62.149.145.20,0041001D-4D335719-20303038,cucina,0.8,3173,32,27,MOVE,0.00,-1.33.00,-0.40.00
09/08/2016 22:38:59,62.149.145.20,0041001D-4D335719-20303038,cucina,0.8,3179,32,26,MOVE,0.00,-1.14.00,0.00
09/08/2016 22:38:54,62.149.145.20,0041001D-4D335719-20303038,cucina,0.8,3179,32,26,MOVE,-0.19.00,-1.38.00,0.25
09/08/2016 22:38:54,62.149.145.20,0041001D-4D335719-20303038,cucina,0.8,3167,32,26,MOVE,0.00,-1.12.00,0.00
09/08/2016 22:38:52,62.149.145.20,0041001D-4D335719-20303038,cucina,0.8,3181,32,25,MOVE,0.00,-1.32.00,0.00
09/08/2016 22:38:51,62.149.145.20,0041001D-4D335719-20303038,cucina,0.8,3187,32,25,POWERON,0.00,-0.56.00,-1.15.00
09/08/2016 22:29:33,62.149.145.20,00080011-4D335719-20303038,free_1,0.8,2828,32,27,MOVE,0.00,-2.12.00,0.23
09/08/2016 22:29:33,62.149.145.20,00080011-4D335719-20303038,free_1,0.8,2821,32,27,MOVE,0.00,-1.34.00,0.00
09/08/2016 22:29:26,62.149.145.20,00080011-4D335719-20303038,free_1,0.8,2831,32,27,MOVE,-0.16.00,0.00,1.33
09/08/2016 22:29:25,62.149.145.20,00080011-4D335719-20303038,free_1,0.8,2829,33,26,MOVE,1.38,0.31,1.02
09/08/2016 22:29:24,62.149.145.20,00080011-4D335719-20303038,free_1,0.8,2824,32,26,MOVE,0.00,0.00,1.10
09/08/2016 22:29:23,62.149.145.20,00080011-4D335719-20303038,free_1,0.8,2829,32,27,MOVE,-2.28.00,-0.17.00,1.37
09/08/2016 22:29:21,62.149.145.20,00080011-4D335719-20303038,free_1,0.8,2820,32,27,MOVE,0.00,-1.35.00,0.00
09/08/2016 22:29:20,62.149.145.20,00080011-4D335719-20303038,free_1,0.8,2823,32,26,MOVE,0.00,-2.37.00,0.32
09/08/2016 22:29:08,62.149.145.20,00080011-4D335719-20303038,free_1,0.8,2826,32,27,MOVE,0.00,-1.28.00,0.34
09/08/2016 22:29:06,62.149.145.20,00080011-4D335719-20303038,free_1,0.8,2828,32,26,MOVE,0.17,-1.05.00,0.58
09/08/2016 22:29:05,62.149.145.20,00080011-4D335719-20303038,free_1,0.8,2826,32,27,MOVE,0.00,-1.37.00,0.16
09/08/2016 22:29:04,62.149.145.20,00080011-4D335719-20303038,free_1,0.8,2828,32,27,MOVE,0.00,-1.35.00,0.00
09/08/2016 22:29:03,62.149.145.20,00080011-4D335719-20303038,free_1,0.8,2820,32,27,MOVE,0.00,-1.38.00,0.00
09/08/2016 22:29:02,62.149.145.20,00080011-4D335719-20303038,free_1,0.8,2828,32,26,MOVE,-0.21.00,-1.45.00,0.00
09/08/2016 22:29:00,62.149.145.20,00080011-4D335719-20303038,free_1,0.8,2818,32,27,MOVE,0.15,-1.37.00,0.19
09/08/2016 22:28:55,62.149.145.20,00080011-4D335719-20303038,free_1,0.8,2801,32,27,POWERON,0.00,0.58,-1.10.00
09/08/2016 22:28:28,62.149.145.20,00080011-4D335719-20303038,free_1,0.7,3313,32,26,POWERON,1.07,-1.07.00,0.00
09/08/2016 22:27:58,62.149.145.20,00080011-4D335719-20303038,free_1,0.7,2796,30,255,POWERON,0.00,0.51,-1.21.00
09/08/2016 22:27:45,62.149.145.20,00080011-4D335719-20303038,free_1,0.7,2809,30,255,MOVE,0.48,-0.57.00,-0.54.00
09/08/2016 22:27:44,62.149.145.20,00080011-4D335719-20303038,free_1,0.7,2809,30,255,MOVE,1.17,0.16,-0.37.00
09/08/2016 22:27:43,62.149.145.20,00080011-4D335719-20303038,free_1,0.7,2790,30,255,MOVE,0.00,-1.34.00,-1.14.00
09/08/2016 22:27:13,62.149.145.20,0041001D-4D335719-20303038,cucina,0.8,3317,32,25,POWERON,0.00,-1.29.00,-0.42.00
09/08/2016 22:27:09,62.149.145.20,0041001D-4D335719-20303038,cucina,0.8,3319,32,24,POWERON,1.24,-0.42.00,0.00
09/08/2016 22:27:00,62.149.145.20,0041001D-4D335719-20303038,cucina,0.8,3306,31,24,MOVE,-0.18.00,-1.04.00,-0.16.00
09/08/2016 22:27:00,62.149.145.20,0041001D-4D335719-20303038,cucina,0.8,3302,31,24,MOVE,0.00,-1.08.00,0.00
09/08/2016 22:26:58,62.149.145.20,0041001D-4D335719-20303038,cucina,0.8,3306,31,24,MOVE,-0.36.00,-1.16.00,-0.32.00
09/08/2016 22:26:33,62.149.145.20,0041001D-4D335719-20303038,cucina,0.8,3317,32,24,POWERON,0.00,-1.34.00,-0.26.00
09/08/2016 22:25:39,62.149.145.20,0041001D-4D335719-20303038,cucina,0.8,3317,32,24,MOVE,0.00,-1.34.00,0.00
09/08/2016 22:25:33,62.149.145.20,0041001D-4D335719-20303038,cucina,0.8,3315,32,24,POWERON,0.00,-1.35.00,-0.28.00
09/08/2016 22:23:34,62.149.145.20,00080011-4D335719-20303038,free_1,0.7,2798,30,255,MOVE,0.00,-1.15.00,0.16
09/08/2016 22:23:30,62.149.145.20,00080011-4D335719-20303038,free_1,0.7,2785,30,255,MOVE,0.00,-0.33.00,0.00
09/08/2016 22:18:43,62.149.145.20,00080011-4D335719-20303038,free_1,0.7,2793,30,255,MOVE,0.00,-1.00.00,0.00
09/08/2016 22:18:42,62.149.145.20,00080011-4D335719-20303038,free_1,0.7,2781,30,255,MOVE,0.00,-1.16.00,0.00
09/08/2016 21:27:55,62.149.145.23,0008800D-4D335719-20303038,bagno,0.7,3049,31,255,TIME,0.00,-1.38.00,0.00
09/08/2016 21:04:52,62.149.145.24,00440005-4D335719-20303038,corridoio,0.7,3062,30,255,TIME,0.00,-1.02.00,0.00
09/08/2016 20:42:53,62.149.145.24,00080003-4D335719-20303038,camera_max,0.7,3063,31,255,TIME,0.00,-1.05.00,0.00
09/08/2016 20:29:26,62.149.145.24,00228019-4D335719-20303038,camera_manu,0.7,3053,30,255,TIME,0.00,-1.02.00,0.00
09/08/2016 20:04:59,62.149.145.19,0007800C-4D335719-20303038,studiolo,0.7,2904,30,255,MOVE,0.00,-1.15.00,0.00
09/08/2016 20:04:59,62.149.145.19,0007800C-4D335719-20303038,studiolo,0.7,2899,30,255,MOVE,0.00,-1.01.00,0.00
09/08/2016 20:04:58,62.149.145.19,0007800C-4D335719-20303038,studiolo,0.7,2930,30,255,MOVE,0.00,-1.30.00,0.00
09/08/2016 20:04:58,62.149.145.19,0007800C-4D335719-20303038,studiolo,0.7,2930,30,255,MOVE,0.00,-1.30.00,0.00
09/08/2016 20:03:12,62.149.145.19,00080011-4D335719-20303038,free_1,0.7,2809,30,255,MOVE,0.00,0.00,0.20
09/08/2016 20:03:11,62.149.145.19,00080011-4D335719-20303038,free_1,0.7,2801,30,255,MOVE,0.00,-1.26.00,0.00
09/08/2016 20:03:09,62.149.145.19,00080011-4D335719-20303038,free_1,0.7,2793,30,255,MOVE,0.00,-1.39.00,0.19
09/08/2016 20:03:01,62.149.145.19,00080011-4D335719-20303038,free_1,0.7,2785,30,255,MOVE,0.15,0.00,0.00
09/08/2016 19:41:43,62.149.145.19,00080011-4D335719-20303038,free_1,0.7,2821,31,255,MOVE,0.00,-1.18.00,0.00
09/08/2016 19:41:43,62.149.145.19,00080011-4D335719-20303038,free_1,0.7,2815,30,255,MOVE,0.00,-1.17.00,0.00
09/08/2016 19:41:42,62.149.145.19,00080011-4D335719-20303038,free_1,0.7,2813,31,255,MOVE,0.00,-1.06.00,0.00
09/08/2016 19:41:41,62.149.145.19,00080011-4D335719-20303038,free_1,0.7,2815,30,25,MOVE,0.00,-1.32.00,0.00
09/08/2016 19:41:41,62.149.145.19,00080011-4D335719-20303038,free_1,0.7,2823,31,255,MOVE,0.00,-1.34.00,0.00
09/08/2016 19:41:40,62.149.145.19,00080011-4D335719-20303038,free_1,0.7,2815,31,25,MOVE,0.00,-1.56.00,0.00
09/08/2016 19:41:39,62.149.145.19,00080011-4D335719-20303038,free_1,0.7,2816,31,255,MOVE,0.00,-1.20.00,0.00
09/08/2016 19:41:39,62.149.145.19,00080011-4D335719-20303038,free_1,0.7,2818,30,255,MOVE,0.00,-1.09.00,0.00
09/08/2016 19:41:38,62.149.145.19,00080011-4D335719-20303038,free_1,0.7,2816,31,255,MOVE,0.00,-2.00.00,0.00
09/08/2016 19:41:38,62.149.145.19,00080011-4D335719-20303038,free_1,0.7,2820,30,255,MOVE,0.00,-1.27.00,0.20
09/08/2016 19:41:37,62.149.145.19,00080011-4D335719-20303038,free_1,0.7,2821,30,25,MOVE,0.00,-1.18.00,0.00
09/08/2016 19:41:36,62.149.145.19,00080011-4D335719-20303038,free_1,0.7,2816,30,25,MOVE,0.00,-1.06.00,0.00
09/08/2016 19:41:30,62.149.145.19,00080011-4D335719-20303038,free_1,0.7,2821,30,25,MOVE,0.00,-0.57.00,0.00
09/08/2016 19:41:29,62.149.145.19,00080011-4D335719-20303038,free_1,0.7,2812,30,255,MOVE,0.15,-0.43.00,0.00
09/08/2016 19:41:29,62.149.145.19,00080011-4D335719-20303038,free_1,0.7,2821,30,25,MOVE,0.00,-1.02.00,0.17
09/08/2016 19:41:24,62.149.145.19,00080011-4D335719-20303038,free_1,0.7,2812,30,255,MOVE,0.00,-1.38.00,0.00
09/08/2016 19:41:23,62.149.145.19,00080011-4D335719-20303038,free_1,0.7,2804,30,255,MOVE,0.00,-1.11.00,0.00
09/08/2016 19:41:19,62.149.145.19,00080011-4D335719-20303038,free_1,0.7,2793,30,255,MOVE,0.00,-0.57.00,0.16
09/08/2016 01:07:02,88.149.166.199,00080011-4D335719-20303038,free_1,0.7,2788,30,255,MOVE,0.27,-0.39.00,0.00
09/08/2016 00:20:16,88.149.226.235,0007800C-4D335719-20303038,studiolo,0.7,2930,30,255,TIME,0.00,-1.01.00,0.00
09/08/2016 00:17:04,88.149.226.235,00080011-4D335719-20303038,free_1,0.7,2812,30,255,MOVE,0.00,-1.38.00,0.00
09/08/2016 00:17:03,88.149.226.235,00080011-4D335719-20303038,free_1,0.7,2794,30,255,MOVE,0.00,-1.26.00,0.00
09/08/2016 00:02:51,88.149.226.235,00080011-4D335719-20303038,free_1,0.7,2818,30,255,MOVE,0.00,-2.00.00,0.36
09/08/2016 00:02:50,88.149.226.235,00080011-4D335719-20303038,free_1,0.7,2813,30,255,MOVE,-0.35.00,-0.24.00,0.40
09/08/2016 00:02:48,88.149.226.235,00080011-4D335719-20303038,free_1,0.7,2809,30,255,MOVE,0.00,-1.00.00,0.00
09/08/2016 00:02:44,88.149.226.235,00080011-4D335719-20303038,free_1,0.7,2807,30,255,MOVE,0.00,-1.23.00,0.17
09/08/2016 00:02:43,88.149.226.235,00080011-4D335719-20303038,free_1,0.7,2809,30,255,MOVE,0.22,-1.52.00,0.18
09/08/2016 00:02:41,88.149.226.235,00080011-4D335719-20303038,free_1,0.7,2802,30,255,MOVE,0.17,-1.28.00,0.19
09/08/2016 00:02:36,88.149.226.235,00080011-4D335719-20303038,free_1,0.7,2790,30,255,MOVE,0.00,-1.31.00,0.17
08/08/2016 21:12:05,88.149.246.223,00080011-4D335719-20303038,free_1,0.7,2815,30,255,MOVE,-0.20.00,-1.30.00,0.35
08/08/2016 21:12:01,88.149.246.223,00080011-4D335719-20303038,free_1,0.7,2816,30,255,MOVE,0.00,-1.13.00,0.00
08/08/2016 21:12:01,88.149.246.223,00080011-4D335719-20303038,free_1,0.7,2812,30,255,MOVE,0.00,-1.04.00,0.18
08/08/2016 21:12:00,88.149.246.223,00080011-4D335719-20303038,free_1,0.7,2815,30,255,MOVE,0.00,-1.26.00,0.00
08/08/2016 21:11:59,88.149.246.223,00080011-4D335719-20303038,free_1,0.7,2799,30,255,MOVE,0.00,-1.24.00,0.00
08/08/2016 21:11:23,88.149.246.223,00080011-4D335719-20303038,free_1,0.7,2796,30,255,MOVE,-0.37.00,-1.12.00,0.38
08/08/2016 21:04:39,88.149.246.223,0041001D-4D335719-20303038,cucina,0.8,3310,31,24,MOVE,0.00,-1.07.00,0.00
08/08/2016 21:04:36,88.149.246.223,0041001D-4D335719-20303038,cucina,0.8,3272,30,24,MOVE,0.00,-1.15.00,0.00
08/08/2016 20:19:05,88.149.246.223,0008800D-4D335719-20303038,bagno,0.7,3062,32,26,MOVE,0.00,-1.35.00,0.00
08/08/2016 20:19:04,88.149.246.223,0008800D-4D335719-20303038,bagno,0.7,3060,33,25,MOVE,0.00,-1.14.00,0.00
08/08/2016 20:19:04,88.149.246.223,0008800D-4D335719-20303038,bagno,0.7,3060,33,25,MOVE,0.00,-1.14.00,0.00
08/08/2016 20:19:03,88.149.246.223,0008800D-4D335719-20303038,bagno,0.7,3060,33,25,MOVE,0.00,-1.14.00,0.00
08/08/2016 20:19:01,88.149.246.223,0008800D-4D335719-20303038,bagno,0.7,3062,33,25,MOVE,0.00,-1.08.00,0.00
08/08/2016 20:19:01,88.149.246.223,0008800D-4D335719-20303038,bagno,0.7,3062,32,25,MOVE,0.00,-1.38.00,0.00
08/08/2016 20:19:00,88.149.246.223,0008800D-4D335719-20303038,bagno,0.7,3062,33,25,MOVE,0.00,-1.08.00,0.00
08/08/2016 20:18:53,88.149.246.223,0008800D-4D335719-20303038,bagno,0.7,3062,33,255,MOVE,0.00,-1.39.00,0.00
08/08/2016 20:18:53,88.149.246.223,0008800D-4D335719-20303038,bagno,0.7,3062,33,255,MOVE,0.00,-1.39.00,0.00
08/08/2016 20:18:52,88.149.246.223,0008800D-4D335719-20303038,bagno,0.7,3060,33,25,MOVE,0.00,-1.10.00,0.00
08/08/2016 20:18:52,88.149.246.223,0008800D-4D335719-20303038,bagno,0.7,3062,33,255,MOVE,0.00,-1.39.00,0.00
08/08/2016 20:06:19,88.149.246.223,00440005-4D335719-20303038,corridoio,0.7,3064,32,25,TIME,0.00,-1.02.00,0.00
08/08/2016 19:36:12,88.149.246.223,0008800D-4D335719-20303038,bagno,0.7,3055,37,30,TIME,0.00,-1.38.00,0.00
08/08/2016 19:34:16,88.149.246.223,00228019-4D335719-20303038,camera_manu,0.7,3062,30,255,TIME,0.00,-1.02.00,0.00
08/08/2016 19:32:13,88.149.246.223,00080003-4D335719-20303038,camera_max,0.7,3063,31,255,TIME,0.00,-1.05.00,0.00
08/08/2016 19:29:11,88.149.246.223,0010800B-4D335719-20303038,sala_small,0.7,2942,30,255,MOVE,0.00,-1.30.00,0.00
08/08/2016 19:29:10,88.149.246.223,0010800B-4D335719-20303038,sala_small,0.7,2949,30,255,MOVE,0.00,-1.03.00,-0.25.00
08/08/2016 18:34:28,212.124.162.5,0041001D-4D335719-20303038,cucina,0.8,3313,33,25,MOVE,0.00,-1.35.00,-0.27.00
08/08/2016 18:34:19,212.124.162.5,0041001D-4D335719-20303038,cucina,0.8,3310,32,25,MOVE,0.00,-1.33.00,0.00
08/08/2016 18:34:16,212.124.162.5,0041001D-4D335719-20303038,cucina,0.8,3276,32,25,MOVE,0.00,-1.04.00,0.00
08/08/2016 18:33:17,212.124.162.5,00310015-4D335719-20303038,sala_big,0.7,3060,31,255,TIME,0.00,-1.38.00,0.00
08/08/2016 18:29:55,212.124.162.5,0041001D-4D335719-20303038,cucina,0.8,3308,33,26,MOVE,0.00,-1.34.00,-0.29.00
08/08/2016 18:29:53,212.124.162.5,0041001D-4D335719-20303038,cucina,0.8,3319,33,26,MOVE,0.00,-1.09.00,0.00
08/08/2016 18:29:44,212.124.162.5,0041001D-4D335719-20303038,cucina,0.8,3315,33,26,MOVE,0.00,-1.30.00,-0.37.00
08/08/2016 18:29:41,212.124.162.5,0041001D-4D335719-20303038,cucina,0.8,3319,33,26,MOVE,0.00,-1.03.00,0.00
08/08/2016 18:29:38,212.124.162.5,0041001D-4D335719-20303038,cucina,0.8,3319,33,26,MOVE,0.00,-1.02.00,0.00
08/08/2016 18:29:35,212.124.162.5,0041001D-4D335719-20303038,cucina,0.8,3319,33,26,MOVE,0.00,-1.07.00,0.00
08/08/2016 18:29:32,212.124.162.5,0041001D-4D335719-20303038,cucina,0.8,3319,33,26,MOVE,0.00,-1.38.00,0.00
08/08/2016 18:29:26,212.124.162.5,0041001D-4D335719-20303038,cucina,0.8,3321,33,26,TIME,0.00,-1.00.00,0.00
08/08/2016 18:29:21,212.124.162.5,0041001D-4D335719-20303038,cucina,0.8,3319,33,26,MOVE,0.00,-1.30.00,0.00
08/08/2016 18:29:01,212.124.162.5,0041001D-4D335719-20303038,cucina,0.8,3321,33,26,POWERON,0.00,-1.28.00,-0.41.00
08/08/2016 18:28:38,212.124.162.5,0041001D-4D335719-20303038,cucina,0.8,3319,33,26,TIME,0.00,-1.30.00,-0.41.00
08/08/2016 18:27:11,212.124.162.5,0041001D-4D335719-20303038,cucina,0.8,3319,34,26,MOVE,0.00,-1.37.00,0.20
08/08/2016 18:27:05,212.124.162.5,0041001D-4D335719-20303038,cucina,0.8,3319,34,26,MOVE,0.00,-1.37.00,0.00
08/08/2016 18:27:01,212.124.162.5,0041001D-4D335719-20303038,cucina,0.8,3310,34,26,MOVE,0.00,-1.39.00,0.00
08/08/2016 18:26:54,212.124.162.5,0041001D-4D335719-20303038,cucina,0.8,3319,33,26,POWERON,0.00,-1.29.00,-0.42.00
08/08/2016 18:25:36,212.124.162.5,0041001D-4D335719-20303038,cucina,0.8,3269,32,25,MOVE,0.52,-2.37.00,-2.37.00
08/08/2016 18:25:13,212.124.162.5,0041001D-4D335719-20303038,cucina,0.8,3310,33,26,MOVE,0.00,-1.29.00,-0.41.00
08/08/2016 18:25:06,212.124.162.5,0041001D-4D335719-20303038,cucina,0.8,3313,33,26,MOVE,0.19,-1.09.00,1.00
08/08/2016 18:25:03,212.124.162.5,0041001D-4D335719-20303038,cucina,0.8,3313,33,26,MOVE,0.00,-1.29.00,0.35
08/08/2016 18:24:58,212.124.162.5,0041001D-4D335719-20303038,cucina,0.8,3317,33,26,MOVE,0.00,-1.37.00,0.18
08/08/2016 18:24:55,212.124.162.5,0041001D-4D335719-20303038,cucina,0.8,3300,33,26,MOVE,0.00,-1.02.00,0.00
08/08/2016 18:24:52,212.124.162.5,0041001D-4D335719-20303038,cucina,0.8,3300,33,26,MOVE,0.00,-1.31.00,0.17
08/08/2016 18:24:39,212.124.162.5,0041001D-4D335719-20303038,cucina,0.8,3321,33,26,MOVE,0.00,-1.36.00,0.00
08/08/2016 18:24:36,212.124.162.5,0041001D-4D335719-20303038,cucina,0.8,3319,33,26,MOVE,0.00,-1.06.00,0.15
08/08/2016 18:24:33,212.124.162.5,0041001D-4D335719-20303038,cucina,0.8,3317,33,26,MOVE,-0.18.00,-1.33.00,0.18
08/08/2016 18:24:31,212.124.162.5,0041001D-4D335719-20303038,cucina,0.8,3319,33,26,MOVE,0.00,-1.29.00,0.00
08/08/2016 18:24:26,212.124.162.5,0041001D-4D335719-20303038,cucina,0.8,3317,33,26,MOVE,0.00,-1.27.00,0.30
08/08/2016 18:24:23,212.124.162.5,0041001D-4D335719-20303038,cucina,0.8,3319,33,26,MOVE,0.00,-1.27.00,0.00
08/08/2016 18:24:20,212.124.162.5,0041001D-4D335719-20303038,cucina,0.8,3315,33,26,MOVE,0.00,-1.32.00,0.00
08/08/2016 18:24:05,212.124.162.5,0041001D-4D335719-20303038,cucina,0.8,3310,32,255,MOVE,-0.24.00,-1.36.00,0.00
08/08/2016 18:24:00,212.124.162.5,0041001D-4D335719-20303038,cucina,0.8,3308,32,25,MOVE,-0.22.00,-1.38.00,0.00
08/08/2016 18:23:56,212.124.162.5,0041001D-4D335719-20303038,cucina,0.8,3319,32,25,MOVE,0.00,-1.36.00,0.00
08/08/2016 18:23:53,212.124.162.5,0041001D-4D335719-20303038,cucina,0.8,3321,32,255,MOVE,0.21,-1.38.00,0.24
08/08/2016 18:14:41,212.124.162.5,0041001D-4D335719-20303038,cucina,0.8,3317,35,28,MOVE,0.00,-1.32.00,-0.33.00
08/08/2016 18:14:38,212.124.162.5,0041001D-4D335719-20303038,cucina,0.8,3319,34,28,MOVE,0.00,-1.17.00,0.26
08/08/2016 18:14:35,212.124.162.5,0041001D-4D335719-20303038,cucina,0.8,3319,35,28,MOVE,0.00,-1.38.00,0.00
08/08/2016 18:14:32,212.124.162.5,0041001D-4D335719-20303038,cucina,0.8,3317,35,28,MOVE,0.00,-1.38.00,0.00
08/08/2016 18:14:29,212.124.162.5,0041001D-4D335719-20303038,cucina,0.8,3317,35,28,MOVE,0.00,-1.38.00,0.00
08/08/2016 18:14:26,212.124.162.5,0041001D-4D335719-20303038,cucina,0.8,3321,34,28,MOVE,0.00,-1.35.00,0.00
08/08/2016 18:14:23,212.124.162.5,0041001D-4D335719-20303038,cucina,0.8,3317,34,28,MOVE,-0.16.00,-1.37.00,0.00
08/08/2016 18:14:21,212.124.162.5,0041001D-4D335719-20303038,cucina,0.8,3317,34,28,MOVE,-0.19.00,-1.34.00,0.00
08/08/2016 18:14:18,212.124.162.5,0041001D-4D335719-20303038,cucina,0.8,3317,35,27,MOVE,-0.21.00,-2.03.00,-0.20.00
08/08/2016 18:14:15,212.124.162.5,0041001D-4D335719-20303038,cucina,0.8,3319,34,28,MOVE,0.00,-1.17.00,0.27
08/08/2016 18:14:13,212.124.162.5,0041001D-4D335719-20303038,cucina,0.8,3317,34,28,MOVE,0.00,-1.38.00,0.00
08/08/2016 18:14:09,212.124.162.5,0041001D-4D335719-20303038,cucina,0.8,3317,34,28,MOVE,0.00,-1.39.00,0.00
08/08/2016 18:14:05,212.124.162.5,0041001D-4D335719-20303038,cucina,0.8,3317,34,28,MOVE,0.00,-1.39.00,0.00